Brand,Models
MARUTI SUZUKI,STINGRAY
MARUTI SUZUKI,SWIFT
MARUTI SUZUKI,SWIFT DZIRE
MARUTI SUZUKI,SX4
MARUTI SUZUKI,VERSA
MARUTI SUZUKI,VITARA BREZZA
MARUTI SUZUKI,WAGON R
MARUTI SUZUKI,XL6
MARUTI SUZUKI,ZEN ESTILO
HYUNDAI,ACCENT
HYUNDAI,ALCAZAR
HYUNDAI,AURA
HYUNDAI,CRETA
HYUNDAI,CRETA N LINE
HYUNDAI,ELANTRA
HYUNDAI,ELITE I20
HYUNDAI,EON
HYUNDAI,EXTER
HYUNDAI,GETZ PRIME
HYUNDAI,GRAND I10
HYUNDAI,GRAND I10 NIOS
HYUNDAI,GRAND I10 PRIME
HYUNDAI,I10
HYUNDAI,I20
HYUNDAI,I20 ACTIVE
HYUNDAI,I20 N LINE
HYUNDAI,SANTA FE
HYUNDAI,SANTRO
HYUNDAI,SANTRO XING
HYUNDAI,SONATA
HYUNDAI,SONATA EMBERA
HYUNDAI,SONATA TRANSFORM
HYUNDAI,TUCSON
HYUNDAI,VENUE
HYUNDAI,VENUE N LINE
HYUNDAI,VERNA
HYUNDAI,XCENT
TATA,ACE
TATA,ALTROZ
TATA,ARIA
TATA,BOLT
TATA,GRANDE DICOR
TATA,HARRIER
TATA,HEXA
TATA,INDICA EV2
TATA,INDICA V2
TATA,INDICA V2 TURBO
TATA,INDICA V2 XETA
TATA,INDICA VISTA
TATA,INDIGO
TATA,INDIGO ECS
TATA,INDIGO MARINA
TATA,INDIGO XL
TATA,INDIGOCS
TATA,MAGIC
TATA,MANZA
TATA,MOVUS
TATA,NANO
TATA,NANO GENX
TATA,NEXON
TATA,PUNCH
TATA,SAFARI
TATA,SAFARI STORME
TATA,SUMO
TATA,SUMO GOLD
TATA,SUMO GRANDE
TATA,TIAGO
TATA,TIAGO JTP
TATA,TIAGO NRG
TATA,TIGOR
TATA,TIGOR JTP
TATA,TL
TATA,VENTURE
TATA,VISTA TECH
TATA,WINGER
TATA,XENON XT
TATA,ZEST
MAHINDRA,ALTURAS G4
MAHINDRA,BOLERO
MAHINDRA,BOLERO CAMPER
MAHINDRA,BOLERO NEO
MAHINDRA,BOLERO PICK UP
MAHINDRA,E VERITO
MAHINDRA,E2O PLUS
MAHINDRA,IMPERIO
MAHINDRA,JEEP
MAHINDRA,KUV100
MAHINDRA,KUV100 NXT
MAHINDRA,MARAZZO
MAHINDRA,MARSHAL
MAHINDRA,MAXXIMO
MAHINDRA,NUVOSPORT
MAHINDRA,QUANTO
MAHINDRA,REVA
MAHINDRA,SCORPIO
MAHINDRA,SCORPIO CLASSIC
MAHINDRA,SCORPIO GETAWAY
MAHINDRA,SCORPIO N
MAHINDRA,SUPRO
MAHINDRA,THAR
MAHINDRA,TUV300
MAHINDRA,TUV300 PLUS
MAHINDRA,VERITO
MAHINDRA,VERITO VIBE CS
MAHINDRA,XUV300
MAHINDRA,XUV500
MAHINDRA,XUV700
MAHINDRA,XYLO
HONDA,ACCORD
HONDA,AMAZE
HONDA,BR-V
HONDA,BRIO
HONDA,CITY
HONDA,CITY 5TH GENERATION
HONDA,CITY EHEV
HONDA,CITY ZX
HONDA,CIVIC
HONDA,CIVIC HYBRID
HONDA,CR-V
HONDA,ELEVATE
HONDA,JAZZ
HONDA,MOBILIO
HONDA,WR-V
TOYOTA,CAMRY
TOYOTA,COROLLA
TOYOTA,COROLLA ALTIS
TOYOTA,ETIOS
TOYOTA,ETIOS CROSS
TOYOTA,ETIOS LIVA
TOYOTA,FORTUNER
TOYOTA,GLANZA
TOYOTA,HILUX
TOYOTA,INNOVA
TOYOTA,INNOVA CRYSTA
TOYOTA,INNOVA HYCROSS
TOYOTA,LAND CRUISER
TOYOTA,LAND CRUISER PRADO
TOYOTA,PLATINUM ETIOS
TOYOTA,PRIUS
TOYOTA,RUMION
TOYOTA,URBAN CRUISER
TOYOTA,URBAN CRUISER HYRYDER
TOYOTA,URBAN CRUISER TAISOR
TOYOTA,VELLFIRE
TOYOTA,YARIS
FORD,ASPIRE
FORD,CLASSIC
FORD,ECOSPORT
FORD,ENDEAVOUR
FORD,FIESTA
FORD,FIESTA CLASSIC
FORD,FIGO
FORD,FREESTYLE
FORD,FUSION
FORD,IKON
FORD,MUSTANG
VOLKSWAGEN,AMEO
VOLKSWAGEN,BEETLE
VOLKSWAGEN,CROSS POLO
VOLKSWAGEN,GTI
VOLKSWAGEN,JETTA
VOLKSWAGEN,PASSAT
VOLKSWAGEN,PHAETON
VOLKSWAGEN,POLO
VOLKSWAGEN,T ROC
VOLKSWAGEN,TAIGUN
VOLKSWAGEN,TIGUAN
VOLKSWAGEN,TIGUAN ALLSPACE
VOLKSWAGEN,TOUAREG
VOLKSWAGEN,VENTO
VOLKSWAGEN,VIRTUS
SKODA,FABIA
SKODA,KODIAQ
SKODA,KUSHAQ
SKODA,LAURA
SKODA,OCTAVIA
SKODA,OCTAVIA COMBI
SKODA,RAPID
SKODA,SLAVIA
SKODA,SUPERB
SKODA,YETI
JEEP,COMPASS
JEEP,GRAND CHEROKEE
JEEP,MERIDIAN
JEEP,WRANGLER
KIA,CARENS
KIA,CARNIVAL
KIA,SELTOS
KIA,SONET
CHEVROLET,AVEO
CHEVROLET,AVEO U VA
CHEVROLET,BEAT
CHEVROLET,CAPTIVA
CHEVROLET,CRUZE
CHEVROLET,ENJOY
CHEVROLET,OPTRA MAGNUM
CHEVROLET,OPTRA SRV
CHEVROLET,SAIL
CHEVROLET,SAIL HATCHBACK
CHEVROLET,SAIL U-VA
CHEVROLET,SPARK
CHEVROLET,TAVERA
CHEVROLET,TRAILBLAZER
NISSAN,370Z
NISSAN,EVALIA
NISSAN,GT-R
NISSAN,KICKS
NISSAN,MAGNITE
NISSAN,MICRA
NISSAN,MICRA ACTIVE
NISSAN,SUNNY
NISSAN,TEANA
NISSAN,TERRANO
NISSAN,X-TRAIL
ARASH,AF-10
ASHOK LEYLAND,STILE
ASTON MARTIN,DB11
ASTON MARTIN,DB9
ASTON MARTIN,DBS
ASTON MARTIN,DBX
ASTON MARTIN,RAPIDE
ASTON MARTIN,RAPIDE S
ASTON MARTIN,V12 VANTAGE
ASTON MARTIN,V8 VANTAGE
ASTON MARTIN,VANQUISH
AUDI,A3
AUDI,A3 CABRIOLET
AUDI,A4
AUDI,A5
AUDI,A5 CABRIOLET
AUDI,A6
AUDI,A7
AUDI,A8 L
AUDI,Q2
AUDI,Q3
AUDI,Q3 SPORTBACK
AUDI,Q5
AUDI,Q7
AUDI,Q8
AUDI,R8
AUDI,RS 7 SPORTBACK
AUDI,RS Q8
AUDI,RS5
AUDI,RS6
AUDI,RS7
AUDI,S4
AUDI,S5 SPORTBACK
AUDI,S6
AUDI,TT
BAJAJ,QUTE RE60
BENTLEY,ARNAGE
BENTLEY,AZURE
BENTLEY,BENTAYGA
BENTLEY,CONTINENTAL FLYING SPUR
BENTLEY,CONTINENTAL GT
BENTLEY,CONTINENTAL GTC
BENTLEY,FLYING SPUR
BENTLEY,MULSANNE
BMW,1 SERIES
BMW,2 SERIES GRAN COUPE
BMW,3 SERIES
BMW,3 SERIES GRAN LIMOUSINE
BMW,3 SERIES GT
BMW,5 SERIES
BMW,5 SERIES GT
BMW,6 SERIES
BMW,6 SERIES GT
BMW,7 SERIES
BMW,8 SERIES
BMW,I8
BMW,M SERIES
BMW,M2
BMW,M3
BMW,M340I
BMW,M4 COMPETITION
BMW,M5
BMW,M6
BMW,M8
BMW,X1
BMW,X3
BMW,X3 M
BMW,X4
BMW,X5
BMW,X5 M
BMW,X6
BMW,X7
BMW,XM
BMW,Z4
BRABUS,ML63
BUGATTI,VEYRON
CHRYSLER,300C SRT
CITROEN,C3
CITROEN,C3 AIRCROSS
CITROEN,C5 AIRCROSS
DATSUN,GO
DATSUN,GO PLUS
DATSUN,REDI-GO
DC,AVANTI
FERRARI,458
FERRARI,458 SPIDER
FERRARI,488
FERRARI,599 GTB
FERRARI,612
FERRARI,812 SUPERFAST
FERRARI,CALIFORNIA
FERRARI,F12BERLINETTA
FERRARI,F142
FERRARI,F430
FERRARI,F8 TRIBUTO
FERRARI,FF
FERRARI,GTC4LUSSO
FERRARI,PORTOFINO
FERRARI,ROMA
FIAT,500
FIAT,ABARTH 595
FIAT,ABARTH PUNTO
FIAT,AVVENTURA
FIAT,GRAND PUNTO
FIAT,GRANDE PUNTO
FIAT,LINEA
FIAT,LINEA CLASSIC
FIAT,PALIO
FIAT,PALIO STILE
FIAT,PETRA
FIAT,PUNTO
FIAT,PUNTO EVO
FIAT,PUNTO PURE
FIAT,URBAN CROSS
FORCE,GURKHA
FORCE,MATADOR
FORCE,ONE
HM,AMBASSADOR
HUMMER,H3
ICML,EXTREME
ICML,RHINO RX
ISUZU,D-MAX V-CROSS
ISUZU,HI-LANDER
ISUZU,MU-X
ISUZU,MU7
ISUZU,V-CROSS
JAGUAR,F-PACE
JAGUAR,F-TYPE
JAGUAR,X-TYPE
JAGUAR,XE
JAGUAR,XF
JAGUAR,XJ L
JAGUAR,XK
LAMBORGHINI,AVENTADOR
LAMBORGHINI,GALLARDO
LAMBORGHINI,HURACAN
LAMBORGHINI,HURACAN EVO
LAMBORGHINI,HURACAN EVO SPYDER
LAMBORGHINI,HURACAN STO
LAMBORGHINI,HURACAN TECNICA
LAMBORGHINI,MURCIELAGO
LAMBORGHINI,URUS
LAMBORGHINI,URUS PERFORMANTE
LAMBORGHINI,URUS S
LAND ROVER,DEFENDER
LAND ROVER,DISCOVERY
LAND ROVER,DISCOVERY 4
LAND ROVER,DISCOVERY SPORT
LAND ROVER,FREELANDER 2
LAND ROVER,RANGE ROVER
LAND ROVER,RANGE ROVER EVOQUE
LAND ROVER,RANGE ROVER SPORT
LAND ROVER,RANGE ROVER VELAR
LEXUS,ES
LEXUS,LC
LEXUS,LC 500H
LEXUS,LM
LEXUS,LS
LEXUS,LX
LEXUS,NX
LEXUS,RX
MAHINDRA RENAULT,LOGAN
MAHINDRA SSANGYONG,REXTON
MASERATI,GHIBLI
MASERATI,GRAN TURISMO
MASERATI,GRANCABRIO
MASERATI,LEVANTE
MASERATI,QUATTROPORTE
MAYBACH,57
MAYBACH,62
MCLAREN,720S
MCLAREN,GT
MERCEDES-BENZ,A-CLASS
MERCEDES-BENZ,A-CLASS LIMOUSINE
MERCEDES-BENZ,AMG
MERCEDES-BENZ,AMG A35
MERCEDES-BENZ,AMG A45 S
MERCEDES-BENZ,AMG E53
MERCEDES-BENZ,AMG E53 CABRIOLET
MERCEDES-BENZ,AMG E63
MERCEDES-BENZ,AMG GLA35
MERCEDES-BENZ,AMG GLC43 COUPE
MERCEDES-BENZ,AMG GLE COUPE
MERCEDES-BENZ,AMG GT 4 DOOR COUPE
MERCEDES-BENZ,AMG GT 63 S E PERFORMANCE
MERCEDES-BENZ,AMG SL
MERCEDES-BENZ,B-CLASS
MERCEDES-BENZ,C-CLASS
MERCEDES-BENZ,C-CLASS CABRIOLET
MERCEDES-BENZ,C-COUPE
MERCEDES-BENZ,CLA
MERCEDES-BENZ,CLK
MERCEDES-BENZ,CLS
MERCEDES-BENZ,E-CLASS
MERCEDES-BENZ,E-CLASS ALL TERRAIN
MERCEDES-BENZ,G-CLASS
MERCEDES-BENZ,GL
MERCEDES-BENZ,GLA
MERCEDES-BENZ,GLB
MERCEDES-BENZ,GLC
MERCEDES-BENZ,GLC COUPE
MERCEDES-BENZ,GLE
MERCEDES-BENZ,GLE COUPE
MERCEDES-BENZ,GLS
MERCEDES-BENZ,GT 4-DOOR COUPE
MERCEDES-BENZ,M-CLASS
MERCEDES-BENZ,MAYBACH GLS
MERCEDES-BENZ,MAYBACH S-CLASS
MERCEDES-BENZ,R CLASS
MERCEDES-BENZ,S-CLASS
MERCEDES-BENZ,S-CLASS CABRIOLET
MERCEDES-BENZ,S-COUPE
MERCEDES-BENZ,SL CLASS
MERCEDES-BENZ,SLC
MERCEDES-BENZ,SLK
MERCEDES-BENZ,SLS
MERCEDES-BENZ,V-CLASS
MERCEDES-BENZ,VIANO
MG,ASTOR
MG,GLOSTER
MG,HECTOR
MG,HECTOR PLUS
MINI,CLUBMAN
MINI,COOPER
MINI,COOPER CONVERTIBLE
MINI,COOPER COUNTRYMAN
MINI,COOPER JCW
MINI,COOPER S
MINI,COUNTRYMAN
MITSUBISHI,CEDIA
MITSUBISHI,LANCER
MITSUBISHI,LANCER EVOLUTION
MITSUBISHI,MONTERO
MITSUBISHI,OUTLANDER
MITSUBISHI,PAJERO
MITSUBISHI,PAJERO SPORT
PORSCHE,718
PORSCHE,911
PORSCHE,918 SPYDER
PORSCHE,BOXSTER
PORSCHE,CAYENNE
PORSCHE,CAYENNE COUPE
PORSCHE,CAYMAN
PORSCHE,MACAN
PORSCHE,PANAMERA
PREMIER,RIO
PREMIER,RIO PLUS
RENAULT,CAPTUR
RENAULT,DUSTER
RENAULT,FLUENCE
RENAULT,KIGER
RENAULT,KOLEOS
RENAULT,KWID
RENAULT,LODGY
RENAULT,PULSE
RENAULT,SCALA
RENAULT,TRIBER
ROLLS-ROYCE,CULLINAN
ROLLS-ROYCE,DAWN
ROLLS-ROYCE,GHOST
ROLLS-ROYCE,GHOST SERIES II
ROLLS-ROYCE,PHANTOM
ROLLS-ROYCE,PHANTOM COUPE
ROLLS-ROYCE,PHANTOM SERIES II
ROLLS-ROYCE,PHANTOM VIII
ROLLS-ROYCE,WRAITH
SAN,STORM
VOLVO,S60
VOLVO,S80
VOLVO,S90
VOLVO,V40
VOLVO,V40 CROSS COUNTRY
VOLVO,V90 CROSS COUNTRY
VOLVO,XC40
VOLVO,XC40 RECHARGE
VOLVO,XC60
VOLVO,XC90